"","par","valor"
"ap","ap",-7.20311157550219
"Bp","Bp",0.278113033356693
"ak","ak",-0.732854547446141
"Bk","Bk",-0.00727605199114981
